Tuscaloosa, Alabama
Flagstaff, Arizona
Tucson, Arizona
Scottsdale, Arizona
Tempe, Arizona
Sacramento, California
Davis, California
Rohnert Park, California
San Francisco, California
Berkeley, California
Santa Cruz, California
Stanford, California
Santa Barbara, California
Northridge, California
UCLA, Los Angeles, California
USC, Los Angeles, California
Pasadena, California
Long Beach, California
Whittier, California
Pomona, California
Irvine, California
Riverside, California
Claremont, California
San Diego State University, San Diego, California
San Diego Miramar College, San Diego, California
UCSD, San Diego, California
Boulder, Colorado
Denver, Colorado
Middletown, Connecticut
New London, Connecticut
New Haven, Connecticut
Newark, Delaware
Washington, District of Columbia
Gainesville, Florida
Orlando, Florida
Melbourne, Florida
Fort Lauderdale, Florida
Mount Berry, Georgia
Atlanta, Georgia
Valdosta, Georgia
Evanston, Illinois
Chicago, Illinois
Urbana, Illinois
Valparaiso, Indiana
South Bend, Indiana
Greencastle, Indiana
Bloomington, Indiana
Hanover, Indiana
Muncie, Indiana
Richmond, Indiana
Ames, Iowa
Des Moines, Iowa
Iowa City, Iowa
Topeka, Kansas
Lawrence, Kansas
Atchison, Kansas
Richmond, Kentucky
Bowling Green, Kentucky
Baton Rouge, Louisiana
Brunswick, Maine
Orono, Maine
Waterville, Maine
Lewiston, Maine
Towson, Maryland
Baltimore, Maryland
College Park, Maryland
Harvard University, Cambridge, Massachusetts
MIT, Cambridge, Massachusetts
Norton, Massachusetts
Boston, Massachusetts
Medford, Massachusetts
Wellesley, Massachusetts
Northampton, Massachusetts
Amherst, Massachusetts
South Hadley, Massachusetts
Williamstown, Massachusetts
East Lansing, Michigan
Ann Arbor, Michigan
Ypsilanti, Michigan
Detroit, Michigan
St. Paul, Minnesota
Minneapolis, Minnesota
Mankato, Minnesota
Moorhead, Minnesota
Northfield, Minnesota
Starkville, Mississippi
Oxford, Mississippi
St. Louis, Missouri
Columbia, Missouri
Springfield, Missouri
Bozeman, Montana
Missoula, Montana
Lincoln, Nebraska
Hanover, New Hampshire
Princeton, New Jersey
Piscataway, New Jersey
Socorro, New Mexico
Albuquerque, New Mexico
Las Cruces, New Mexico
Rochester, New York
Geneseo, New York
Ithaca, New York
Hamilton, New York
Oneonta, New York
Schenectady, New York
Poughkeepsie, New York
Columbia University, New York City, New York
Barnard College, New York City, New York
Hunter College, New York City, New York
Stony Brook, New York
Chapel Hill, North Carolina
Greensboro, North Carolina
Boone, North Carolina
Toledo, Ohio
Cleveland, Ohio
Alliance, Ohio
Athens, Ohio
Columbus, Ohio
Youngstown, Ohio
Delaware, Ohio
Norman, Oklahoma
Pittsburgh, Pennsylvania
Haverford Township, Pennsylvania
State College, Pennsylvania
Williamsport, Pennsylvania
Carlisle, Pennsylvania
Lancaster, Pennsylvania
Villanova, Pennsylvania
Swarthmore, Pennsylvania
Philadelphia, Pennsylvania
Clemson, South Carolina
Columbia, South Carolina
Charleston, South Carolina
Murfreesboro, Tennessee
Nashville, Tennessee
Knoxville, Tennessee
Johnson City, Tennessee
Fort Worth, Texas
Nacogdoches, Texas
College Station, Texas
Austin, Texas
Houston, Texas
Salt Lake City, Utah
Provo, Utah
Marlboro, Vermont
Blacksburg, Virginia
Hampden-Sydney, Virginia
Charlottesville, Virginia
Fairfax, Virginia
Seattle, Washington
Bellingham, Washington
Walla Walla, Washington
Kenosha, Wisconsin
Madison, Wisconsin
Laramie, Wyoming
